Path,URL,Size in bytes (optional but recommended),MD5 Hash (optional but recommended),Filter Terms (optional),Overwrite (optional),Comments (optional)
docs/Coleco/Manuals/2010 - The Graphic Action Game.pdf,https://archive.org/download/mister-manuals/1982_ColecoVision.zip/1982_ColecoVision%2F2010%20-%20The%20Graphic%20Action%20Game.pdf,1002842,af02629b63dd68ef5a5a15f4a48bfb0c,,,2010 - The Graphic Action Game.pdf
docs/Coleco/Manuals/A.E..pdf,https://archive.org/download/mister-manuals/1982_ColecoVision.zip/1982_ColecoVision%2FA.E..pdf,605220,13986a83c00b17e285cd58a6bfd5cf66,,,A.E..pdf
"docs/Coleco/Manuals/Activision Decathlon, The.pdf",https://archive.org/download/mister-manuals/1982_ColecoVision.zip/1982_ColecoVision%2FActivision%20Decathlon%2C%20The.pdf,315180,16ab98a226d42116f63bf6a6e3e6b7de,,,"Activision Decathlon, The.pdf"
docs/Coleco/Manuals/Alcazar - The Forgotten Fortress.pdf,https://archive.org/download/mister-manuals/1982_ColecoVision.zip/1982_ColecoVision%2FAlcazar%20-%20The%20Forgotten%20Fortress.pdf,476631,e0753a983cb6d8121637d884aaaa1cab,,,Alcazar - The Forgotten Fortress.pdf
docs/Coleco/Manuals/Alphabet Zoo.pdf,https://archive.org/download/mister-manuals/1982_ColecoVision.zip/1982_ColecoVision%2FAlphabet%20Zoo.pdf,476921,fe154ffa745bb7a6448b2c62bb23830e,,,Alphabet Zoo.pdf
docs/Coleco/Manuals/Antarctic Adventure.pdf,https://archive.org/download/mister-manuals/1982_ColecoVision.zip/1982_ColecoVision%2FAntarctic%20Adventure.pdf,380337,5d3ecd75c25550d5a00488a508061c2c,,,Antarctic Adventure.pdf
docs/Coleco/Manuals/Aquattack.pdf,https://archive.org/download/mister-manuals/1982_ColecoVision.zip/1982_ColecoVision%2FAquattack.pdf,677747,17434a8814e3e17e17d3ba8d93a237b3,,,Aquattack.pdf
docs/Coleco/Manuals/Artillery Duel.pdf,https://archive.org/download/mister-manuals/1982_ColecoVision.zip/1982_ColecoVision%2FArtillery%20Duel.pdf,1314586,69224ba12e0d05c7646965be1d3d1ab9,,,Artillery Duel.pdf
docs/Coleco/Manuals/BC's Quest for Tires .pdf,https://archive.org/download/mister-manuals/1982_ColecoVision.zip/1982_ColecoVision%2FBC_s%20Quest%20for%20Tires%20.pdf,240448,f03308ad6f27b13845b48e15e8c1da9c,,,BC_s Quest for Tires .pdf
docs/Coleco/Manuals/BC's Quest for Tires II - Grog's Revenge.pdf,https://archive.org/download/mister-manuals/1982_ColecoVision.zip/1982_ColecoVision%2FBC_s%20Quest%20for%20Tires%20II%20-%20Grog_s%20Revenge.pdf,487831,d84d013fa3bd6e7eeccf16b47fe2acbf,,,BC_s Quest for Tires II - Grog_s Revenge.pdf
docs/Coleco/Manuals/Beamrider.pdf,https://archive.org/download/mister-manuals/1982_ColecoVision.zip/1982_ColecoVision%2FBeamrider.pdf,404757,a7adcfa0c48da06b4f8bbf48e79d49ce,,,Beamrider.pdf
docs/Coleco/Manuals/Blockade Runner.pdf,https://archive.org/download/mister-manuals/1982_ColecoVision.zip/1982_ColecoVision%2FBlockade%20Runner.pdf,1259802,073c93eb2030c3801636ccdbdffb0223,,,Blockade Runner.pdf
docs/Coleco/Manuals/Boulder Dash.pdf,https://archive.org/download/mister-manuals/1982_ColecoVision.zip/1982_ColecoVision%2FBoulder%20Dash.pdf,641429,bd95551960499cccd51bbce6030d34cf,,,Boulder Dash.pdf
docs/Coleco/Manuals/Brain Strainers.pdf,https://archive.org/download/mister-manuals/1982_ColecoVision.zip/1982_ColecoVision%2FBrain%20Strainers.pdf,747006,e2ec2106067bd0f714981822509036fa,,,Brain Strainers.pdf
docs/Coleco/Manuals/Buck Rogers - Planet of Zoom.pdf,https://archive.org/download/mister-manuals/1982_ColecoVision.zip/1982_ColecoVision%2FBuck%20Rogers%20-%20Planet%20of%20Zoom.pdf,630638,f325a6fbc93e82a612bcb336e2dd6981,,,Buck Rogers - Planet of Zoom.pdf
docs/Coleco/Manuals/Bump 'n' Jump.pdf,https://archive.org/download/mister-manuals/1982_ColecoVision.zip/1982_ColecoVision%2FBump%20_n_%20Jump.pdf,646689,b8b6a6ddafcb9d4335aec2ebb7714928,,,Bump _n_ Jump.pdf
docs/Coleco/Manuals/BurgerTime.pdf,https://archive.org/download/mister-manuals/1982_ColecoVision.zip/1982_ColecoVision%2FBurgerTime.pdf,608660,3567221ea3d3b988980d17fb485282d3,,,BurgerTime.pdf
docs/Coleco/Manuals/Cabbage Patch Kids - Adventures in the Park.pdf,https://archive.org/download/mister-manuals/1982_ColecoVision.zip/1982_ColecoVision%2FCabbage%20Patch%20Kids%20-%20Adventures%20in%20the%20Park.pdf,492929,bd5187b98551fcf882d1ae340f50cd45,,,Cabbage Patch Kids - Adventures in the Park.pdf
docs/Coleco/Manuals/Cabbage Patch Kids - Picture Show.pdf,https://archive.org/download/mister-manuals/1982_ColecoVision.zip/1982_ColecoVision%2FCabbage%20Patch%20Kids%20-%20Picture%20Show.pdf,3017543,9c9d6fe5a584ecde9d4d0fa48498463b,,,Cabbage Patch Kids - Picture Show.pdf
docs/Coleco/Manuals/Campaign '84.pdf,https://archive.org/download/mister-manuals/1982_ColecoVision.zip/1982_ColecoVision%2FCampaign%20_84.pdf,143245,232f22c4e43f61ee63f57abdc50fe967,,,Campaign _84.pdf
docs/Coleco/Manuals/Carnival.pdf,https://archive.org/download/mister-manuals/1982_ColecoVision.zip/1982_ColecoVision%2FCarnival.pdf,341037,5bd4cd580b61b8ed946dccf5c27fa759,,,Carnival.pdf
docs/Coleco/Manuals/Centipede.pdf,https://archive.org/download/mister-manuals/1982_ColecoVision.zip/1982_ColecoVision%2FCentipede.pdf,491798,5dee2f90ac5640ab9ec379c379a5fdb6,,,Centipede.pdf
docs/Coleco/Manuals/Choplifter.pdf,https://archive.org/download/mister-manuals/1982_ColecoVision.zip/1982_ColecoVision%2FChoplifter.pdf,574629,4fbe5782e3ed7c07d256dfecba7f089c,,,Choplifter.pdf
docs/Coleco/Manuals/Chuck Norris Superkicks.pdf,https://archive.org/download/mister-manuals/1982_ColecoVision.zip/1982_ColecoVision%2FChuck%20Norris%20Superkicks.pdf,623230,cabfe94af0641f4c5038e4e69bcb4e6f,,,Chuck Norris Superkicks.pdf
docs/Coleco/Manuals/Congo Bongo.pdf,https://archive.org/download/mister-manuals/1982_ColecoVision.zip/1982_ColecoVision%2FCongo%20Bongo.pdf,571145,92f1e1b1b88f3d1e399a7dd91a008eed,,,Congo Bongo.pdf
docs/Coleco/Manuals/Cosmic Avenger.pdf,https://archive.org/download/mister-manuals/1982_ColecoVision.zip/1982_ColecoVision%2FCosmic%20Avenger.pdf,320602,c8e6e4c39974c4bb4c57dfc24691660b,,,Cosmic Avenger.pdf
"docs/Coleco/Manuals/Dam Busters, The.pdf",https://archive.org/download/mister-manuals/1982_ColecoVision.zip/1982_ColecoVision%2FDam%20Busters%2C%20The.pdf,1594803,6ec901aff9fbd0f46089e75b08894e0b,,,"Dam Busters, The.pdf"
docs/Coleco/Manuals/Dance Fantasy.pdf,https://archive.org/download/mister-manuals/1982_ColecoVision.zip/1982_ColecoVision%2FDance%20Fantasy.pdf,948627,38b371f76fc8766b07e0fe1215e81fb8,,,Dance Fantasy.pdf
docs/Coleco/Manuals/Defender.pdf,https://archive.org/download/mister-manuals/1982_ColecoVision.zip/1982_ColecoVision%2FDefender.pdf,462808,0c0e2f0f70c277874352967bd8667410,,,Defender.pdf
docs/Coleco/Manuals/Destructor.pdf,https://archive.org/download/mister-manuals/1982_ColecoVision.zip/1982_ColecoVision%2FDestructor.pdf,680216,315fb9bafd58327e44c775c5aca63c78,,,Destructor.pdf
docs/Coleco/Manuals/Donkey Kong Jr..pdf,https://archive.org/download/mister-manuals/1982_ColecoVision.zip/1982_ColecoVision%2FDonkey%20Kong%20Jr..pdf,477556,798ebf4a618cc2573ad7310067d4070e,,,Donkey Kong Jr..pdf
docs/Coleco/Manuals/Donkey Kong.pdf,https://archive.org/download/mister-manuals/1982_ColecoVision.zip/1982_ColecoVision%2FDonkey%20Kong.pdf,1406345,3e9b70b1b7ca236d9308f57551611930,,,Donkey Kong.pdf
docs/Coleco/Manuals/Dr. Seuss - Fix-Up the Mix-Up Puzzler.pdf,https://archive.org/download/mister-manuals/1982_ColecoVision.zip/1982_ColecoVision%2FDr.%20Seuss%20-%20Fix-Up%20the%20Mix-Up%20Puzzler.pdf,690454,53c2d61febc8f6d52def15b8c2be018a,,,Dr. Seuss - Fix-Up the Mix-Up Puzzler.pdf
docs/Coleco/Manuals/Dragonfire.pdf,https://archive.org/download/mister-manuals/1982_ColecoVision.zip/1982_ColecoVision%2FDragonfire.pdf,802594,d29e21d79aa56daa19d05329c2f5ee52,,,Dragonfire.pdf
"docs/Coleco/Manuals/Dukes of Hazzard, The.pdf",https://archive.org/download/mister-manuals/1982_ColecoVision.zip/1982_ColecoVision%2FDukes%20of%20Hazzard%2C%20The.pdf,1620941,a1a5d71e930e9f76af287b5fb642e79a,,,"Dukes of Hazzard, The.pdf"
docs/Coleco/Manuals/Evolution.pdf,https://archive.org/download/mister-manuals/1982_ColecoVision.zip/1982_ColecoVision%2FEvolution.pdf,476957,6b55c90d1155925c4c16413707b42d23,,,Evolution.pdf
docs/Coleco/Manuals/Facemaker.pdf,https://archive.org/download/mister-manuals/1982_ColecoVision.zip/1982_ColecoVision%2FFacemaker.pdf,819218,7df396a2d97c23ba95edf10474125788,,,Facemaker.pdf
"docs/Coleco/Manuals/Fall Guy, The.pdf",https://archive.org/download/mister-manuals/1982_ColecoVision.zip/1982_ColecoVision%2FFall%20Guy%2C%20The.pdf,320454,f89a9e26e0cb859fa31d7dcda2f1f948,,,"Fall Guy, The.pdf"
docs/Coleco/Manuals/Fathom.pdf,https://archive.org/download/mister-manuals/1982_ColecoVision.zip/1982_ColecoVision%2FFathom.pdf,435655,fbdf69f519683ff9df1764521feeba13,,,Fathom.pdf
docs/Coleco/Manuals/Flipper Slipper.pdf,https://archive.org/download/mister-manuals/1982_ColecoVision.zip/1982_ColecoVision%2FFlipper%20Slipper.pdf,521981,9700369dadc99b9584a192e3412fa98c,,,Flipper Slipper.pdf
docs/Coleco/Manuals/Fortune Builder.pdf,https://archive.org/download/mister-manuals/1982_ColecoVision.zip/1982_ColecoVision%2FFortune%20Builder.pdf,3813391,b94edd87e29364b5326311abd0bfbba6,,,Fortune Builder.pdf
docs/Coleco/Manuals/Fraction Fever.pdf,https://archive.org/download/mister-manuals/1982_ColecoVision.zip/1982_ColecoVision%2FFraction%20Fever.pdf,893325,c3c80d3af5facb329cda3cce90d48833,,,Fraction Fever.pdf
docs/Coleco/Manuals/Frantic Freddy.pdf,https://archive.org/download/mister-manuals/1982_ColecoVision.zip/1982_ColecoVision%2FFrantic%20Freddy.pdf,315703,fb1b5edd8a412553324d8740a2d3ef95,,,Frantic Freddy.pdf
docs/Coleco/Manuals/Frenzy.pdf,https://archive.org/download/mister-manuals/1982_ColecoVision.zip/1982_ColecoVision%2FFrenzy.pdf,465987,f82ff2d354706f73e6495d0bbd487a75,,,Frenzy.pdf
docs/Coleco/Manuals/Frogger II - ThreeeDeep!.pdf,https://archive.org/download/mister-manuals/1982_ColecoVision.zip/1982_ColecoVision%2FFrogger%20II%20-%20ThreeeDeep%21.pdf,347251,748ca0b010c1d0a9e69e9738474d62f5,,,Frogger II - ThreeeDeep!.pdf
docs/Coleco/Manuals/Frogger.pdf,https://archive.org/download/mister-manuals/1982_ColecoVision.zip/1982_ColecoVision%2FFrogger.pdf,365880,faa553971f98025189c732170ef47e4c,,,Frogger.pdf
docs/Coleco/Manuals/Front Line.pdf,https://archive.org/download/mister-manuals/1982_ColecoVision.zip/1982_ColecoVision%2FFront%20Line.pdf,483747,af2848796a6b79e9df87243960d6537c,,,Front Line.pdf
docs/Coleco/Manuals/Galaxian.pdf,https://archive.org/download/mister-manuals/1982_ColecoVision.zip/1982_ColecoVision%2FGalaxian.pdf,747003,f9d9c1e47ef982dbafd2dfab00bec7b8,,,Galaxian.pdf
docs/Coleco/Manuals/Gateway to Apshai.pdf,https://archive.org/download/mister-manuals/1982_ColecoVision.zip/1982_ColecoVision%2FGateway%20to%20Apshai.pdf,518948,f9a047d0fbf94bf01b49063ce6426d0b,,,Gateway to Apshai.pdf
docs/Coleco/Manuals/Gorf.pdf,https://archive.org/download/mister-manuals/1982_ColecoVision.zip/1982_ColecoVision%2FGorf.pdf,443876,6aab5dabaa63ddb43139be682078c5b4,,,Gorf.pdf
docs/Coleco/Manuals/Gust Buster.pdf,https://archive.org/download/mister-manuals/1982_ColecoVision.zip/1982_ColecoVision%2FGust%20Buster.pdf,143240,098950dffabf9212eea406f54de8ede0,,,Gust Buster.pdf
docs/Coleco/Manuals/Gyruss.pdf,https://archive.org/download/mister-manuals/1982_ColecoVision.zip/1982_ColecoVision%2FGyruss.pdf,362292,1977239cf72470443805e86d9c177704,,,Gyruss.pdf
docs/Coleco/Manuals/H.E.R.O..pdf,https://archive.org/download/mister-manuals/1982_ColecoVision.zip/1982_ColecoVision%2FH.E.R.O..pdf,140954,873fbdd2163b8fd180810244b9a2855f,,,H.E.R.O..pdf
"docs/Coleco/Manuals/Heist, The.pdf",https://archive.org/download/mister-manuals/1982_ColecoVision.zip/1982_ColecoVision%2FHeist%2C%20The.pdf,151254,baac4e2596487124855a544b97d19738,,,"Heist, The.pdf"
docs/Coleco/Manuals/Illusions.pdf,https://archive.org/download/mister-manuals/1982_ColecoVision.zip/1982_ColecoVision%2FIllusions.pdf,757571,701e7344cbea052130ba29a82f07c553,,,Illusions.pdf
docs/Coleco/Manuals/It's Only Rock 'n' Roll.pdf,https://archive.org/download/mister-manuals/1982_ColecoVision.zip/1982_ColecoVision%2FIt_s%20Only%20Rock%20_n_%20Roll.pdf,307610,851fd43d66baf7c6ee080b378400c038,,,It_s Only Rock _n_ Roll.pdf
docs/Coleco/Manuals/James Bond - 007.pdf,https://archive.org/download/mister-manuals/1982_ColecoVision.zip/1982_ColecoVision%2FJames%20Bond%20-%20007.pdf,444470,61ebafd992523aa12a40ca64233e0bff,,,James Bond - 007.pdf
docs/Coleco/Manuals/Jukebox.pdf,https://archive.org/download/mister-manuals/1982_ColecoVision.zip/1982_ColecoVision%2FJukebox.pdf,606580,009c691a1b30759b3c6ecd7c647f68a1,,,Jukebox.pdf
docs/Coleco/Manuals/Jumpman Junior.pdf,https://archive.org/download/mister-manuals/1982_ColecoVision.zip/1982_ColecoVision%2FJumpman%20Junior.pdf,273672,38c4fca5e66e89e53d54c701fa25c5b2,,,Jumpman Junior.pdf
docs/Coleco/Manuals/Jungle Hunt.pdf,https://archive.org/download/mister-manuals/1982_ColecoVision.zip/1982_ColecoVision%2FJungle%20Hunt.pdf,190072,e01c7b13ea75381b843e8427dab6d7c7,,,Jungle Hunt.pdf
docs/Coleco/Manuals/Ken Uston Blackjack-Poker.pdf,https://archive.org/download/mister-manuals/1982_ColecoVision.zip/1982_ColecoVision%2FKen%20Uston%20Blackjack-Poker.pdf,726735,7fb6e70cd07b45d06540fc120cd53d74,,,Ken Uston Blackjack-Poker.pdf
docs/Coleco/Manuals/Keystone Kapers.pdf,https://archive.org/download/mister-manuals/1982_ColecoVision.zip/1982_ColecoVision%2FKeystone%20Kapers.pdf,920537,0f91b61f429549cde7c28dfa6d6d5ab8,,,Keystone Kapers.pdf
docs/Coleco/Manuals/Lady Bug.pdf,https://archive.org/download/mister-manuals/1982_ColecoVision.zip/1982_ColecoVision%2FLady%20Bug.pdf,967599,5d51a5550250242bde3ba78789eb7129,,,Lady Bug.pdf
docs/Coleco/Manuals/Learning with Leeper.pdf,https://archive.org/download/mister-manuals/1982_ColecoVision.zip/1982_ColecoVision%2FLearning%20with%20Leeper.pdf,298787,65b530894870ae9e408efb542543e9b6,,,Learning with Leeper.pdf
docs/Coleco/Manuals/Linking Logic.pdf,https://archive.org/download/mister-manuals/1982_ColecoVision.zip/1982_ColecoVision%2FLinking%20Logic.pdf,216084,48ea157163575072b88c245e776cf8d9,,,Linking Logic.pdf
docs/Coleco/Manuals/Logic Levels.pdf,https://archive.org/download/mister-manuals/1982_ColecoVision.zip/1982_ColecoVision%2FLogic%20Levels.pdf,223174,a064621fcc8a83f0fac190e6b86b1733,,,Logic Levels.pdf
docs/Coleco/Manuals/Looping.pdf,https://archive.org/download/mister-manuals/1982_ColecoVision.zip/1982_ColecoVision%2FLooping.pdf,446885,6c4de9111d12bdc09e53c219e2efd903,,,Looping.pdf
docs/Coleco/Manuals/Memory Manor.pdf,https://archive.org/download/mister-manuals/1982_ColecoVision.zip/1982_ColecoVision%2FMemory%20Manor.pdf,231054,eba4315a71aa84fd1d7b71295cbff29a,,,Memory Manor.pdf
docs/Coleco/Manuals/Miner 2049er.pdf,https://archive.org/download/mister-manuals/1982_ColecoVision.zip/1982_ColecoVision%2FMiner%202049er.pdf,196475,ba24b8e847c6f8d9c278858cdd12f7a5,,,Miner 2049er.pdf
docs/Coleco/Manuals/Monkey Academy.pdf,https://archive.org/download/mister-manuals/1982_ColecoVision.zip/1982_ColecoVision%2FMonkey%20Academy.pdf,867629,c1f37c7649e52b842d81bdf67233b2dc,,,Monkey Academy.pdf
docs/Coleco/Manuals/Montezuma's Revenge featuring Panama Joe.pdf,https://archive.org/download/mister-manuals/1982_ColecoVision.zip/1982_ColecoVision%2FMontezuma_s%20Revenge%20featuring%20Panama%20Joe.pdf,824684,c7f40a7ed27cd97253c8a77329657631,,,Montezuma_s Revenge featuring Panama Joe.pdf
docs/Coleco/Manuals/Moonsweeper.pdf,https://archive.org/download/mister-manuals/1982_ColecoVision.zip/1982_ColecoVision%2FMoonsweeper.pdf,777749,cac458a0432f6b1bf86e3316b87c4b53,,,Moonsweeper.pdf
docs/Coleco/Manuals/Motocross Racer.pdf,https://archive.org/download/mister-manuals/1982_ColecoVision.zip/1982_ColecoVision%2FMotocross%20Racer.pdf,838683,df8d06c5d61a45aa44691d232cd5a41d,,,Motocross Racer.pdf
docs/Coleco/Manuals/Mountain King.pdf,https://archive.org/download/mister-manuals/1982_ColecoVision.zip/1982_ColecoVision%2FMountain%20King.pdf,504135,74bf0d5dc73e079d05c7ac8b80c343e6,,,Mountain King.pdf
docs/Coleco/Manuals/Mouse Trap.pdf,https://archive.org/download/mister-manuals/1982_ColecoVision.zip/1982_ColecoVision%2FMouse%20Trap.pdf,472127,d8c6d9d3b714640e32c249ece0d55b58,,,Mouse Trap.pdf
docs/Coleco/Manuals/Mr. Do!.pdf,https://archive.org/download/mister-manuals/1982_ColecoVision.zip/1982_ColecoVision%2FMr.%20Do%21.pdf,495173,760f3efd2cfa4a51b0ebfd2d08067fcb,,,Mr. Do!.pdf
docs/Coleco/Manuals/Mr. Do!'s Castle.pdf,https://archive.org/download/mister-manuals/1982_ColecoVision.zip/1982_ColecoVision%2FMr.%20Do%21_s%20Castle.pdf,583358,e663e42f9c12e0e8454a15102d5c8105,,,Mr. Do!_s Castle.pdf
docs/Coleco/Manuals/Nova Blast.pdf,https://archive.org/download/mister-manuals/1982_ColecoVision.zip/1982_ColecoVision%2FNova%20Blast.pdf,280687,0825d219bf786119c63a1908b22ac1c5,,,Nova Blast.pdf
docs/Coleco/Manuals/Oil's Well.pdf,https://archive.org/download/mister-manuals/1982_ColecoVision.zip/1982_ColecoVision%2FOil_s%20Well.pdf,152450,77f20b4cafb3f16dd7c2bef879b4b858,,,Oil_s Well.pdf
docs/Coleco/Manuals/Omega Race.pdf,https://archive.org/download/mister-manuals/1982_ColecoVision.zip/1982_ColecoVision%2FOmega%20Race.pdf,663807,fa456022bbcf7e8a1e6cd34a64602d4a,,,Omega Race.pdf
docs/Coleco/Manuals/One-on-One Basketball.pdf,https://archive.org/download/mister-manuals/1982_ColecoVision.zip/1982_ColecoVision%2FOne-on-One%20Basketball.pdf,327040,d3bdfe5e01dbebf539cbcc70859c84c2,,,One-on-One Basketball.pdf
docs/Coleco/Manuals/Pepper II.pdf,https://archive.org/download/mister-manuals/1982_ColecoVision.zip/1982_ColecoVision%2FPepper%20II.pdf,516768,4d9317a5c79dda51ab4cb6e2eb417f9c,,,Pepper II.pdf
docs/Coleco/Manuals/Pitfall II - Lost Caverns.pdf,https://archive.org/download/mister-manuals/1982_ColecoVision.zip/1982_ColecoVision%2FPitfall%20II%20-%20Lost%20Caverns.pdf,112866,b3b105bb8746a2cd4d5eb2100b2bc3ec,,,Pitfall II - Lost Caverns.pdf
docs/Coleco/Manuals/Pitfall!.pdf,https://archive.org/download/mister-manuals/1982_ColecoVision.zip/1982_ColecoVision%2FPitfall%21.pdf,287059,234be22934752a198ab9493923a36ec0,,,Pitfall!.pdf
docs/Coleco/Manuals/Pitstop.pdf,https://archive.org/download/mister-manuals/1982_ColecoVision.zip/1982_ColecoVision%2FPitstop.pdf,434778,53ac53f3a787b04334d1a2766cd163ec,,,Pitstop.pdf
docs/Coleco/Manuals/Popeye.pdf,https://archive.org/download/mister-manuals/1982_ColecoVision.zip/1982_ColecoVision%2FPopeye.pdf,416244,380bda326fd6f00eab66de67ff7abc5a,,,Popeye.pdf
docs/Coleco/Manuals/Q'bert.pdf,https://archive.org/download/mister-manuals/1982_ColecoVision.zip/1982_ColecoVision%2FQ_bert.pdf,348558,9faee7005bce4a6f1d0c67e8a4841852,,,Q_bert.pdf
docs/Coleco/Manuals/Q'bert's Qubes.pdf,https://archive.org/download/mister-manuals/1982_ColecoVision.zip/1982_ColecoVision%2FQ_bert_s%20Qubes.pdf,689806,54eb02a57a2f89d545ffe7003b5988a5,,,Q_bert_s Qubes.pdf
docs/Coleco/Manuals/Quest for Quintana Roo.pdf,https://archive.org/download/mister-manuals/1982_ColecoVision.zip/1982_ColecoVision%2FQuest%20for%20Quintana%20Roo.pdf,732867,80864b4de9fd48fed2208843f4d26354,,,Quest for Quintana Roo.pdf
docs/Coleco/Manuals/River Raid.pdf,https://archive.org/download/mister-manuals/1982_ColecoVision.zip/1982_ColecoVision%2FRiver%20Raid.pdf,347963,91279e496ca58a7532b08f564750b809,,,River Raid.pdf
docs/Coleco/Manuals/Robin Hood.pdf,https://archive.org/download/mister-manuals/1982_ColecoVision.zip/1982_ColecoVision%2FRobin%20Hood.pdf,881266,8fff1e0f2c665a2ce196c50c0e500df2,,,Robin Hood.pdf
docs/Coleco/Manuals/Roc 'n Rope.pdf,https://archive.org/download/mister-manuals/1982_ColecoVision.zip/1982_ColecoVision%2FRoc%20_n%20Rope.pdf,623234,baa51ea4b80a38d61e32459936b69ec1,,,Roc _n Rope.pdf
docs/Coleco/Manuals/Rock 'n' Bolt.pdf,https://archive.org/download/mister-manuals/1982_ColecoVision.zip/1982_ColecoVision%2FRock%20_n_%20Bolt.pdf,274707,4610a0328c1d4890a13afdeb4b0930c3,,,Rock _n_ Bolt.pdf
docs/Coleco/Manuals/Rocky Super Action Boxing.pdf,https://archive.org/download/mister-manuals/1982_ColecoVision.zip/1982_ColecoVision%2FRocky%20Super%20Action%20Boxing.pdf,484222,b0e485ec9110ed3cc0bfc2fbfb46f5ef,,,Rocky Super Action Boxing.pdf
docs/Coleco/Manuals/Rolloverture.pdf,https://archive.org/download/mister-manuals/1982_ColecoVision.zip/1982_ColecoVision%2FRolloverture.pdf,137875,c58a31b1ec5c6c9f02e05f49ebfdee06,,,Rolloverture.pdf
docs/Coleco/Manuals/Root Beer Tapper.pdf,https://archive.org/download/mister-manuals/1982_ColecoVision.zip/1982_ColecoVision%2FRoot%20Beer%20Tapper.pdf,699260,59b470cb1aa261aa59dac3c22294c987,,,Root Beer Tapper.pdf
docs/Coleco/Manuals/Sammy Lightfoot.pdf,https://archive.org/download/mister-manuals/1982_ColecoVision.zip/1982_ColecoVision%2FSammy%20Lightfoot.pdf,172320,609da7b09384ed3b2ab64662e7f69ad8,,,Sammy Lightfoot.pdf
docs/Coleco/Manuals/Sector Alpha.pdf,https://archive.org/download/mister-manuals/1982_ColecoVision.zip/1982_ColecoVision%2FSector%20Alpha.pdf,902761,56c1ddd326f4d138753382385d0ab1cf,,,Sector Alpha.pdf
docs/Coleco/Manuals/Sewer Sam.pdf,https://archive.org/download/mister-manuals/1982_ColecoVision.zip/1982_ColecoVision%2FSewer%20Sam.pdf,389588,ea1e7c19fc6b6cc5d6006868a0d64361,,,Sewer Sam.pdf
docs/Coleco/Manuals/Sir Lancelot.pdf,https://archive.org/download/mister-manuals/1982_ColecoVision.zip/1982_ColecoVision%2FSir%20Lancelot.pdf,1160875,f0d006a3795430ac062d3a6526af7f21,,,Sir Lancelot.pdf
docs/Coleco/Manuals/Skiing.pdf,https://archive.org/download/mister-manuals/1982_ColecoVision.zip/1982_ColecoVision%2FSkiing.pdf,401181,33521adce658d9f438dcefb5073b9cac,,,Skiing.pdf
docs/Coleco/Manuals/Slither.pdf,https://archive.org/download/mister-manuals/1982_ColecoVision.zip/1982_ColecoVision%2FSlither.pdf,315274,5d138e64fc899c3f565c03b1f0baf487,,,Slither.pdf
docs/Coleco/Manuals/Slurpy.pdf,https://archive.org/download/mister-manuals/1982_ColecoVision.zip/1982_ColecoVision%2FSlurpy.pdf,720891,19fc6885f3d7c3829dcb542e240068d3,,,Slurpy.pdf
docs/Coleco/Manuals/Smurf - Paint 'n' Play Workshop.pdf,https://archive.org/download/mister-manuals/1982_ColecoVision.zip/1982_ColecoVision%2FSmurf%20-%20Paint%20_n_%20Play%20Workshop.pdf,1069822,1e9dfd6d1bfc2556ac8c74e1dd94a27d,,,Smurf - Paint _n_ Play Workshop.pdf
docs/Coleco/Manuals/Smurf - Rescue In Gargamel's Castle.pdf,https://archive.org/download/mister-manuals/1982_ColecoVision.zip/1982_ColecoVision%2FSmurf%20-%20Rescue%20In%20Gargamel_s%20Castle.pdf,500711,4955a0c766fb6164e07ff030b3a4c0f5,,,Smurf - Rescue In Gargamel_s Castle.pdf
docs/Coleco/Manuals/Space Fury.pdf,https://archive.org/download/mister-manuals/1982_ColecoVision.zip/1982_ColecoVision%2FSpace%20Fury.pdf,331643,0d70f77a7435c8a5b2f3cf457c8196bd,,,Space Fury.pdf
docs/Coleco/Manuals/Space Panic.pdf,https://archive.org/download/mister-manuals/1982_ColecoVision.zip/1982_ColecoVision%2FSpace%20Panic.pdf,447002,6e996f07bebb814c8d817525fa3d4f09,,,Space Panic.pdf
docs/Coleco/Manuals/Spectron.pdf,https://archive.org/download/mister-manuals/1982_ColecoVision.zip/1982_ColecoVision%2FSpectron.pdf,327644,58191cf5a69cbf7a855162e9d3505eb6,,,Spectron.pdf
docs/Coleco/Manuals/Spy Hunter.pdf,https://archive.org/download/mister-manuals/1982_ColecoVision.zip/1982_ColecoVision%2FSpy%20Hunter.pdf,2347303,599f526f7ad0fe51d8a5b678e5cf55b5,,,Spy Hunter.pdf
docs/Coleco/Manuals/Squish 'em featuring Sam.pdf,https://archive.org/download/mister-manuals/1982_ColecoVision.zip/1982_ColecoVision%2FSquish%20_em%20featuring%20Sam.pdf,212529,80af091b561545877de7c90358b16282,,,Squish _em featuring Sam.pdf
docs/Coleco/Manuals/Star Trek - Strategic Operations Simulator.pdf,https://archive.org/download/mister-manuals/1982_ColecoVision.zip/1982_ColecoVision%2FStar%20Trek%20-%20Strategic%20Operations%20Simulator.pdf,710507,6bda52bf58a0c5d425b3c3b0e13de698,,,Star Trek - Strategic Operations Simulator.pdf
docs/Coleco/Manuals/Star Wars - The Arcade Game.pdf,https://archive.org/download/mister-manuals/1982_ColecoVision.zip/1982_ColecoVision%2FStar%20Wars%20-%20The%20Arcade%20Game.pdf,405507,4e9154a03ae2bc85341d385ecd58daec,,,Star Wars - The Arcade Game.pdf
docs/Coleco/Manuals/Strike It!.pdf,https://archive.org/download/mister-manuals/1982_ColecoVision.zip/1982_ColecoVision%2FStrike%20It%21.pdf,187920,6a3d1b50aa01a3d403a33b1cc1d763dd,,,Strike It!.pdf
docs/Coleco/Manuals/SubRoc.pdf,https://archive.org/download/mister-manuals/1982_ColecoVision.zip/1982_ColecoVision%2FSubRoc.pdf,490176,bbd69e417d4ba19380d1f84f693f132b,,,SubRoc.pdf
docs/Coleco/Manuals/Super Action Baseball.pdf,https://archive.org/download/mister-manuals/1982_ColecoVision.zip/1982_ColecoVision%2FSuper%20Action%20Baseball.pdf,948106,8041a2c1d81a046863cef7b4e0a25681,,,Super Action Baseball.pdf
docs/Coleco/Manuals/Super Action Football.pdf,https://archive.org/download/mister-manuals/1982_ColecoVision.zip/1982_ColecoVision%2FSuper%20Action%20Football.pdf,1148138,1f301f89763a10b29396a31090d731c5,,,Super Action Football.pdf
docs/Coleco/Manuals/Super Action Soccer.pdf,https://archive.org/download/mister-manuals/1982_ColecoVision.zip/1982_ColecoVision%2FSuper%20Action%20Soccer.pdf,1631306,70f5a5bf5e8f047f04d5d73787c1da79,,,Super Action Soccer.pdf
docs/Coleco/Manuals/Super Cobra.pdf,https://archive.org/download/mister-manuals/1982_ColecoVision.zip/1982_ColecoVision%2FSuper%20Cobra.pdf,322067,c4dd80ea2e26a2030301030559d993d7,,,Super Cobra.pdf
docs/Coleco/Manuals/Super Cross Force.pdf,https://archive.org/download/mister-manuals/1982_ColecoVision.zip/1982_ColecoVision%2FSuper%20Cross%20Force.pdf,296568,72558511b75ffcdadfc2401b2e1ee8af,,,Super Cross Force.pdf
docs/Coleco/Manuals/Super Sketch.pdf,https://archive.org/download/mister-manuals/1982_ColecoVision.zip/1982_ColecoVision%2FSuper%20Sketch.pdf,1562678,3374f874ee5bcebb1adc95d9d43e6692,,,Super Sketch.pdf
docs/Coleco/Manuals/Tank Wars.pdf,https://archive.org/download/mister-manuals/1982_ColecoVision.zip/1982_ColecoVision%2FTank%20Wars.pdf,215898,574e7bfd21d2ab839e1dc47c785a03d4,,,Tank Wars.pdf
docs/Coleco/Manuals/Tarzan.pdf,https://archive.org/download/mister-manuals/1982_ColecoVision.zip/1982_ColecoVision%2FTarzan.pdf,733679,b8ddffc09a16e98d2edf0beb2e2e29f6,,,Tarzan.pdf
docs/Coleco/Manuals/Telly Turtle.pdf,https://archive.org/download/mister-manuals/1982_ColecoVision.zip/1982_ColecoVision%2FTelly%20Turtle.pdf,110645,918f5fedb14abb1912bb01cdfe2d6922,,,Telly Turtle.pdf
docs/Coleco/Manuals/Threshold.pdf,https://archive.org/download/mister-manuals/1982_ColecoVision.zip/1982_ColecoVision%2FThreshold.pdf,151563,c6f7079d934c1f7930531991ddd03b4c,,,Threshold.pdf
docs/Coleco/Manuals/Time Pilot.pdf,https://archive.org/download/mister-manuals/1982_ColecoVision.zip/1982_ColecoVision%2FTime%20Pilot.pdf,465187,c3b71c8f7d1f20d6c2454eee69d8e19e,,,Time Pilot.pdf
docs/Coleco/Manuals/Tomarc the Barbarian.pdf,https://archive.org/download/mister-manuals/1982_ColecoVision.zip/1982_ColecoVision%2FTomarc%20the%20Barbarian.pdf,329578,f704f36675552b88c7d899224664abf6,,,Tomarc the Barbarian.pdf
docs/Coleco/Manuals/Tournament Tennis.pdf,https://archive.org/download/mister-manuals/1982_ColecoVision.zip/1982_ColecoVision%2FTournament%20Tennis.pdf,334417,dd1e9f647cff7676418af24b0afe0543,,,Tournament Tennis.pdf
docs/Coleco/Manuals/Turbo.pdf,https://archive.org/download/mister-manuals/1982_ColecoVision.zip/1982_ColecoVision%2FTurbo.pdf,470871,7808cf6a72bcff13967597f1689e61c6,,,Turbo.pdf
docs/Coleco/Manuals/Tutankham.pdf,https://archive.org/download/mister-manuals/1982_ColecoVision.zip/1982_ColecoVision%2FTutankham.pdf,352583,b2ca47843f97539002339e29568a757f,,,Tutankham.pdf
docs/Coleco/Manuals/Up 'n Down.pdf,https://archive.org/download/mister-manuals/1982_ColecoVision.zip/1982_ColecoVision%2FUp%20_n%20Down.pdf,185352,631edb9ffc21dc024da890be2f92ff33,,,Up _n Down.pdf
docs/Coleco/Manuals/Venture.pdf,https://archive.org/download/mister-manuals/1982_ColecoVision.zip/1982_ColecoVision%2FVenture.pdf,980512,6a9ab5d68f4ac78bd6779f15149f65fc,,,Venture.pdf
docs/Coleco/Manuals/Victory.pdf,https://archive.org/download/mister-manuals/1982_ColecoVision.zip/1982_ColecoVision%2FVictory.pdf,456271,eabad548761200e89bb1fc75432a648c,,,Victory.pdf
docs/Coleco/Manuals/War Room.pdf,https://archive.org/download/mister-manuals/1982_ColecoVision.zip/1982_ColecoVision%2FWar%20Room.pdf,556584,37e3fd55d2880080f9f26be6f145de27,,,War Room.pdf
docs/Coleco/Manuals/WarGames.pdf,https://archive.org/download/mister-manuals/1982_ColecoVision.zip/1982_ColecoVision%2FWarGames.pdf,666245,5f55ad16a51b3447bffc3c9418456858,,,WarGames.pdf
docs/Coleco/Manuals/Wing War.pdf,https://archive.org/download/mister-manuals/1982_ColecoVision.zip/1982_ColecoVision%2FWing%20War.pdf,756800,e8c2ef3d9ae765c42abd83ad4779ea03,,,Wing War.pdf
docs/Coleco/Manuals/Word Feud.pdf,https://archive.org/download/mister-manuals/1982_ColecoVision.zip/1982_ColecoVision%2FWord%20Feud.pdf,299422,e15a3a338e091b968ba0a04413e9162f,,,Word Feud.pdf
docs/Coleco/Manuals/Zaxxon.pdf,https://archive.org/download/mister-manuals/1982_ColecoVision.zip/1982_ColecoVision%2FZaxxon.pdf,481745,b1ad357e9ee30012fae3371192c968e5,,,Zaxxon.pdf
docs/Coleco/Manuals/Zenji.pdf,https://archive.org/download/mister-manuals/1982_ColecoVision.zip/1982_ColecoVision%2FZenji.pdf,87014,c9c5a781178804d6496499356976af17,,,Zenji.pdf
